"event_id";"event_timestamp";"service_code";"event_context"
-2128255076;"2018-05-28";"SERVICE_CODE";"EVENT_CONTEXT"
-2121542418;"2018-05-27";"SERVICE_CODE";"EVENT_CONTEXT"
-2117477092;"2018-05-27";"SERVICE_CODE";"EVENT_CONTEXT"
-2110381129;"2018-05-27";"SERVICE_CODE";"EVENT_CONTEXT"
-2104103473;"2018-05-27";"SERVICE_CODE";"EVENT_CONTEXT"
-2102680290;"2018-05-27";"SERVICE_CODE";"EVENT_CONTEXT"
-2100554657;"2018-05-27";"SERVICE_CODE";"EVENT_CONTEXT"
-2097024189;"2018-05-27";"SERVICE_CODE";"EVENT_CONTEXT"
-2078628684;"2018-05-27";"SERVICE_CODE";"EVENT_CONTEXT"
-2076656411;"2018-05-27";"SERVICE_CODE";"EVENT_CONTEXT"
-2065271165;"2018-05-27";"SERVICE_CODE";"EVENT_CONTEXT"
-2058909936;"2018-05-28";"SERVICE_CODE";"EVENT_CONTEXT"
-2051043811;"2018-05-28";"SERVICE_CODE";"EVENT_CONTEXT"
-2049675493;"2018-05-27";"SERVICE_CODE";"EVENT_CONTEXT"
-2039802672;"2018-05-28";"SERVICE_CODE";"EVENT_CONTEXT"
-2037139986;"2018-05-28";"SERVICE_CODE";"EVENT_CONTEXT"
-2032096004;"2018-05-27";"SERVICE_CODE";"EVENT_CONTEXT"
-2008444723;"2018-05-27";"SERVICE_CODE";"EVENT_CONTEXT"
-2002984717;"2018-05-27";"SERVICE_CODE";"EVENT_CONTEXT"
-2000340089;"2018-05-27";"SERVICE_CODE";"EVENT_CONTEXT"
-2000160741;"2018-05-27";"SERVICE_CODE";"EVENT_CONTEXT"
-1989353945;"2018-05-28";"SERVICE_CODE";"EVENT_CONTEXT"
-1985606944;"2018-05-27";"SERVICE_CODE";"EVENT_CONTEXT"
-1979019892;"2018-05-27";"SERVICE_CODE";"EVENT_CONTEXT"
-1968931503;"2018-05-27";"SERVICE_CODE";"EVENT_CONTEXT"
-1967655570;"2018-05-27";"SERVICE_CODE";"EVENT_CONTEXT"
-1966381216;"2018-05-28";"SERVICE_CODE";"EVENT_CONTEXT"
-1961895911;"2018-05-28";"SERVICE_CODE";"EVENT_CONTEXT"
-1958203451;"2018-05-28";"SERVICE_CODE";"EVENT_CONTEXT"
-1944147101;"2018-05-27";"SERVICE_CODE";"EVENT_CONTEXT"
-1943671082;"2018-05-27";"SERVICE_CODE";"EVENT_CONTEXT"
-1941782438;"2018-05-28";"SERVICE_CODE";"EVENT_CONTEXT"
-1930987002;"2018-05-27";"SERVICE_CODE";"EVENT_CONTEXT"
-1924354302;"2018-05-27";"SERVICE_CODE";"EVENT_CONTEXT"
-1921677012;"2018-05-27";"SERVICE_CODE";"EVENT_CONTEXT"
-1920101923;"2018-05-27";"SERVICE_CODE";"EVENT_CONTEXT"
-1912228756;"2018-05-27";"SERVICE_CODE";"EVENT_CONTEXT"
-1902315279;"2018-05-27";"SERVICE_CODE";"EVENT_CONTEXT"
-1898148652;"2018-05-27";"SERVICE_CODE";"EVENT_CONTEXT"
-1893231420;"2018-05-27";"SERVICE_CODE";"EVENT_CONTEXT"
-1886096352;"2018-05-27";"SERVICE_CODE";"EVENT_CONTEXT"
-1875330686;"2018-05-27";"SERVICE_CODE";"EVENT_CONTEXT"
-1875208226;"2018-05-27";"SERVICE_CODE";"EVENT_CONTEXT"
-1870450942;"2018-05-27";"SERVICE_CODE";"EVENT_CONTEXT"
-1864852460;"2018-05-28";"SERVICE_CODE";"EVENT_CONTEXT"
-1862631098;"2018-05-27";"SERVICE_CODE";"EVENT_CONTEXT"
-1849044601;"2018-05-28";"SERVICE_CODE";"EVENT_CONTEXT"
-1845156188;"2018-05-27";"SERVICE_CODE";"EVENT_CONTEXT"
-1844702387;"2018-05-27";"SERVICE_CODE";"EVENT_CONTEXT"
-1834125662;"2018-05-27";"SERVICE_CODE";"EVENT_CONTEXT"
-1816795285;"2018-05-27";"SERVICE_CODE";"EVENT_CONTEXT"
-1816382120;"2018-05-27";"SERVICE_CODE";"EVENT_CONTEXT"
-1791623635;"2018-05-27";"SERVICE_CODE";"EVENT_CONTEXT"
-1782974217;"2018-05-28";"SERVICE_CODE";"EVENT_CONTEXT"
-1779526652;"2018-05-27";"SERVICE_CODE";"EVENT_CONTEXT"
-1778724031;"2018-05-27";"SERVICE_CODE";"EVENT_CONTEXT"
-1775772176;"2018-05-27";"SERVICE_CODE";"EVENT_CONTEXT"
-1772069196;"2018-05-28";"SERVICE_CODE";"EVENT_CONTEXT"
-1764949869;"2018-05-28";"SERVICE_CODE";"EVENT_CONTEXT"
-1741087675;"2018-05-27";"SERVICE_CODE";"EVENT_CONTEXT"
-1731106705;"2018-05-27";"SERVICE_CODE";"EVENT_CONTEXT"
-1715679821;"2018-05-27";"SERVICE_CODE";"EVENT_CONTEXT"
-1706786401;"2018-05-27";"SERVICE_CODE";"EVENT_CONTEXT"
-1704890076;"2018-05-27";"SERVICE_CODE";"EVENT_CONTEXT"
-1702494980;"2018-05-27";"SERVICE_CODE";"EVENT_CONTEXT"
-1701858667;"2018-05-27";"SERVICE_CODE";"EVENT_CONTEXT"
-1700094370;"2018-05-28";"SERVICE_CODE";"EVENT_CONTEXT"
-1697104872;"2018-05-28";"SERVICE_CODE";"EVENT_CONTEXT"
-1691404151;"2018-05-27";"SERVICE_CODE";"EVENT_CONTEXT"
-1684431178;"2018-05-27";"SERVICE_CODE";"EVENT_CONTEXT"
-1655336530;"2018-05-28";"SERVICE_CODE";"EVENT_CONTEXT"
-1649992476;"2018-05-28";"SERVICE_CODE";"EVENT_CONTEXT"
-1643148838;"2018-05-28";"SERVICE_CODE";"EVENT_CONTEXT"
-1636880432;"2018-05-28";"SERVICE_CODE";"EVENT_CONTEXT"
-1634739056;"2018-05-28";"SERVICE_CODE";"EVENT_CONTEXT"
-1625567349;"2018-05-27";"SERVICE_CODE";"EVENT_CONTEXT"
-1615247630;"2018-05-27";"SERVICE_CODE";"EVENT_CONTEXT"
-1609806326;"2018-05-27";"SERVICE_CODE";"EVENT_CONTEXT"
-1586637534;"2018-05-27";"SERVICE_CODE";"EVENT_CONTEXT"
-1581891806;"2018-05-27";"SERVICE_CODE";"EVENT_CONTEXT"
-1580951496;"2018-05-27";"SERVICE_CODE";"EVENT_CONTEXT"
-1580152132;"2018-05-28";"SERVICE_CODE";"EVENT_CONTEXT"
-1568902033;"2018-05-27";"SERVICE_CODE";"EVENT_CONTEXT"
-1558273173;"2018-05-28";"SERVICE_CODE";"EVENT_CONTEXT"
-1553551373;"2018-05-28";"SERVICE_CODE";"EVENT_CONTEXT"
-1546990573;"2018-05-28";"SERVICE_CODE";"EVENT_CONTEXT"
-1546030331;"2018-05-28";"SERVICE_CODE";"EVENT_CONTEXT"
-1527067654;"2018-05-27";"SERVICE_CODE";"EVENT_CONTEXT"
-1508753866;"2018-05-28";"SERVICE_CODE";"EVENT_CONTEXT"
-1486325067;"2018-05-27";"SERVICE_CODE";"EVENT_CONTEXT"
-1484191407;"2018-05-27";"SERVICE_CODE";"EVENT_CONTEXT"
-1469673566;"2018-05-28";"SERVICE_CODE";"EVENT_CONTEXT"
-1469345554;"2018-05-27";"SERVICE_CODE";"EVENT_CONTEXT"
-1463907195;"2018-05-27";"SERVICE_CODE";"EVENT_CONTEXT"
-1458757109;"2018-05-27";"SERVICE_CODE";"EVENT_CONTEXT"
-1457067568;"2018-05-27";"SERVICE_CODE";"EVENT_CONTEXT"
-1457032517;"2018-05-27";"SERVICE_CODE";"EVENT_CONTEXT"
-1454684450;"2018-05-27";"SERVICE_CODE";"EVENT_CONTEXT"
-1428209395;"2018-05-27";"SERVICE_CODE";"EVENT_CONTEXT"
-1425982658;"2018-05-28";"SERVICE_CODE";"EVENT_CONTEXT"
-1422380477;"2018-05-28";"SERVICE_CODE";"EVENT_CONTEXT"
-1420303105;"2018-05-28";"SERVICE_CODE";"EVENT_CONTEXT"
-1419532530;"2018-05-28";"SERVICE_CODE";"EVENT_CONTEXT"
-1413578884;"2018-05-27";"SERVICE_CODE";"EVENT_CONTEXT"
-1410523344;"2018-05-28";"SERVICE_CODE";"EVENT_CONTEXT"
-1400912958;"2018-05-27";"SERVICE_CODE";"EVENT_CONTEXT"
-1400077053;"2018-05-27";"SERVICE_CODE";"EVENT_CONTEXT"
-1392713906;"2018-05-27";"SERVICE_CODE";"EVENT_CONTEXT"
-1392337561;"2018-05-27";"SERVICE_CODE";"EVENT_CONTEXT"
-1362005569;"2018-05-27";"SERVICE_CODE";"EVENT_CONTEXT"
-1341674503;"2018-05-28";"SERVICE_CODE";"EVENT_CONTEXT"
-1338362635;"2018-05-27";"SERVICE_CODE";"EVENT_CONTEXT"
-1335673507;"2018-05-27";"SERVICE_CODE";"EVENT_CONTEXT"
-1327137030;"2018-05-28";"SERVICE_CODE";"EVENT_CONTEXT"
-1319609390;"2018-05-27";"SERVICE_CODE";"EVENT_CONTEXT"
-1317919267;"2018-05-28";"SERVICE_CODE";"EVENT_CONTEXT"
-1316703661;"2018-05-27";"SERVICE_CODE";"EVENT_CONTEXT"
-1314652447;"2018-05-28";"SERVICE_CODE";"EVENT_CONTEXT"
-1309373458;"2018-05-27";"SERVICE_CODE";"EVENT_CONTEXT"
-1302304044;"2018-05-28";"SERVICE_CODE";"EVENT_CONTEXT"
-1294050669;"2018-05-27";"SERVICE_CODE";"EVENT_CONTEXT"
-1284279869;"2018-05-27";"SERVICE_CODE";"EVENT_CONTEXT"
-1284179773;"2018-05-28";"SERVICE_CODE";"EVENT_CONTEXT"
-1270830556;"2018-05-27";"SERVICE_CODE";"EVENT_CONTEXT"
-1269376369;"2018-05-27";"SERVICE_CODE";"EVENT_CONTEXT"
-1263377161;"2018-05-28";"SERVICE_CODE";"EVENT_CONTEXT"
-1258287047;"2018-05-28";"SERVICE_CODE";"EVENT_CONTEXT"
-1251246718;"2018-05-27";"SERVICE_CODE";"EVENT_CONTEXT"
-1248115306;"2018-05-27";"SERVICE_CODE";"EVENT_CONTEXT"
-1233983615;"2018-05-27";"SERVICE_CODE";"EVENT_CONTEXT"
-1218451635;"2018-05-28";"SERVICE_CODE";"EVENT_CONTEXT"
-1218187561;"2018-05-28";"SERVICE_CODE";"EVENT_CONTEXT"
-1209485637;"2018-05-28";"SERVICE_CODE";"EVENT_CONTEXT"
-1207759181;"2018-05-28";"SERVICE_CODE";"EVENT_CONTEXT"
-1198458842;"2018-05-27";"SERVICE_CODE";"EVENT_CONTEXT"
-1193129575;"2018-05-27";"SERVICE_CODE";"EVENT_CONTEXT"
-1192690515;"2018-05-27";"SERVICE_CODE";"EVENT_CONTEXT"
-1192437584;"2018-05-27";"SERVICE_CODE";"EVENT_CONTEXT"
-1175043539;"2018-05-27";"SERVICE_CODE";"EVENT_CONTEXT"
-1172227042;"2018-05-27";"SERVICE_CODE";"EVENT_CONTEXT"
-1149621750;"2018-05-27";"SERVICE_CODE";"EVENT_CONTEXT"
-1146780528;"2018-05-27";"SERVICE_CODE";"EVENT_CONTEXT"
-1131906372;"2018-05-28";"SERVICE_CODE";"EVENT_CONTEXT"
-1131240861;"2018-05-27";"SERVICE_CODE";"EVENT_CONTEXT"
-1128180515;"2018-05-27";"SERVICE_CODE";"EVENT_CONTEXT"
-1102792681;"2018-05-28";"SERVICE_CODE";"EVENT_CONTEXT"
-1102346111;"2018-05-28";"SERVICE_CODE";"EVENT_CONTEXT"
-1098905253;"2018-05-27";"SERVICE_CODE";"EVENT_CONTEXT"
-1087445686;"2018-05-27";"SERVICE_CODE";"EVENT_CONTEXT"
-1082758848;"2018-05-27";"SERVICE_CODE";"EVENT_CONTEXT"
-1074007606;"2018-05-28";"SERVICE_CODE";"EVENT_CONTEXT"
-1064642098;"2018-05-28";"SERVICE_CODE";"EVENT_CONTEXT"
-1048344028;"2018-05-27";"SERVICE_CODE";"EVENT_CONTEXT"
-1047976678;"2018-05-27";"SERVICE_CODE";"EVENT_CONTEXT"
-1034938456;"2018-05-27";"SERVICE_CODE";"EVENT_CONTEXT"
-1033300180;"2018-05-27";"SERVICE_CODE";"EVENT_CONTEXT"
-1029146511;"2018-05-27";"SERVICE_CODE";"EVENT_CONTEXT"
-1027934151;"2018-05-28";"SERVICE_CODE";"EVENT_CONTEXT"
-1022396512;"2018-05-28";"SERVICE_CODE";"EVENT_CONTEXT"
-1014879529;"2018-05-27";"SERVICE_CODE";"EVENT_CONTEXT"
-1012197978;"2018-05-28";"SERVICE_CODE";"EVENT_CONTEXT"
-1009401916;"2018-05-27";"SERVICE_CODE";"EVENT_CONTEXT"
-1005026568;"2018-05-27";"SERVICE_CODE";"EVENT_CONTEXT"
-996369968;"2018-05-27";"SERVICE_CODE";"EVENT_CONTEXT"
-996205210;"2018-05-28";"SERVICE_CODE";"EVENT_CONTEXT"
-994471548;"2018-05-28";"SERVICE_CODE";"EVENT_CONTEXT"
-987317083;"2018-05-27";"SERVICE_CODE";"EVENT_CONTEXT"
-973540963;"2018-05-27";"SERVICE_CODE";"EVENT_CONTEXT"
-972445444;"2018-05-27";"SERVICE_CODE";"EVENT_CONTEXT"
-965609830;"2018-05-27";"SERVICE_CODE";"EVENT_CONTEXT"
-964639379;"2018-05-27";"SERVICE_CODE";"EVENT_CONTEXT"
-955054897;"2018-05-28";"SERVICE_CODE";"EVENT_CONTEXT"
-926175569;"2018-05-27";"SERVICE_CODE";"EVENT_CONTEXT"
-925332978;"2018-05-27";"SERVICE_CODE";"EVENT_CONTEXT"
-920174608;"2018-05-27";"SERVICE_CODE";"EVENT_CONTEXT"
-914039452;"2018-05-27";"SERVICE_CODE";"EVENT_CONTEXT"
-913336681;"2018-05-27";"SERVICE_CODE";"EVENT_CONTEXT"
-912279903;"2018-05-27";"SERVICE_CODE";"EVENT_CONTEXT"
-907342948;"2018-05-27";"SERVICE_CODE";"EVENT_CONTEXT"
-886267099;"2018-05-27";"SERVICE_CODE";"EVENT_CONTEXT"
-878261900;"2018-05-27";"SERVICE_CODE";"EVENT_CONTEXT"
-876839296;"2018-05-27";"SERVICE_CODE";"EVENT_CONTEXT"
-876438376;"2018-05-27";"SERVICE_CODE";"EVENT_CONTEXT"
-876081634;"2018-05-27";"SERVICE_CODE";"EVENT_CONTEXT"
-871899533;"2018-05-27";"SERVICE_CODE";"EVENT_CONTEXT"
-868300119;"2018-05-28";"SERVICE_CODE";"EVENT_CONTEXT"
-852754136;"2018-05-28";"SERVICE_CODE";"EVENT_CONTEXT"
-851175520;"2018-05-27";"SERVICE_CODE";"EVENT_CONTEXT"
-850710705;"2018-05-28";"SERVICE_CODE";"EVENT_CONTEXT"
-841690082;"2018-05-27";"SERVICE_CODE";"EVENT_CONTEXT"
-821837646;"2018-05-27";"SERVICE_CODE";"EVENT_CONTEXT"
-816225554;"2018-05-28";"SERVICE_CODE";"EVENT_CONTEXT"
-806698856;"2018-05-27";"SERVICE_CODE";"EVENT_CONTEXT"
-803714285;"2018-05-28";"SERVICE_CODE";"EVENT_CONTEXT"
-794778141;"2018-05-28";"SERVICE_CODE";"EVENT_CONTEXT"
-782881803;"2018-05-27";"SERVICE_CODE";"EVENT_CONTEXT"
-777186843;"2018-05-27";"SERVICE_CODE";"EVENT_CONTEXT"
-773993061;"2018-05-27";"SERVICE_CODE";"EVENT_CONTEXT"
-767758523;"2018-05-27";"SERVICE_CODE";"EVENT_CONTEXT"
-766742321;"2018-05-27";"SERVICE_CODE";"EVENT_CONTEXT"
-741667749;"2018-05-27";"SERVICE_CODE";"EVENT_CONTEXT"
-740859800;"2018-05-28";"SERVICE_CODE";"EVENT_CONTEXT"
-727767352;"2018-05-28";"SERVICE_CODE";"EVENT_CONTEXT"
-724083939;"2018-05-28";"SERVICE_CODE";"EVENT_CONTEXT"
-721562588;"2018-05-28";"SERVICE_CODE";"EVENT_CONTEXT"
-710195440;"2018-05-27";"SERVICE_CODE";"EVENT_CONTEXT"
-709271440;"2018-05-27";"SERVICE_CODE";"EVENT_CONTEXT"
-705688201;"2018-05-28";"SERVICE_CODE";"EVENT_CONTEXT"
-697547811;"2018-05-27";"SERVICE_CODE";"EVENT_CONTEXT"
-693030137;"2018-05-28";"SERVICE_CODE";"EVENT_CONTEXT"
-692993552;"2018-05-27";"SERVICE_CODE";"EVENT_CONTEXT"
-670227161;"2018-05-27";"SERVICE_CODE";"EVENT_CONTEXT"
-669225893;"2018-05-27";"SERVICE_CODE";"EVENT_CONTEXT"
-643633806;"2018-05-27";"SERVICE_CODE";"EVENT_CONTEXT"
-632531511;"2018-05-27";"SERVICE_CODE";"EVENT_CONTEXT"
-608634913;"2018-05-27";"SERVICE_CODE";"EVENT_CONTEXT"
-587558861;"2018-05-27";"SERVICE_CODE";"EVENT_CONTEXT"
-575756318;"2018-05-28";"SERVICE_CODE";"EVENT_CONTEXT"
-574458410;"2018-05-27";"SERVICE_CODE";"EVENT_CONTEXT"
-563837225;"2018-05-27";"SERVICE_CODE";"EVENT_CONTEXT"
-557701025;"2018-05-27";"SERVICE_CODE";"EVENT_CONTEXT"
-548422190;"2018-05-27";"SERVICE_CODE";"EVENT_CONTEXT"
-538802933;"2018-05-27";"SERVICE_CODE";"EVENT_CONTEXT"
-538333137;"2018-05-28";"SERVICE_CODE";"EVENT_CONTEXT"
-519056589;"2018-05-27";"SERVICE_CODE";"EVENT_CONTEXT"
-516054486;"2018-05-28";"SERVICE_CODE";"EVENT_CONTEXT"
-514325395;"2018-05-27";"SERVICE_CODE";"EVENT_CONTEXT"
-513349638;"2018-05-27";"SERVICE_CODE";"EVENT_CONTEXT"
-513012097;"2018-05-27";"SERVICE_CODE";"EVENT_CONTEXT"
-502389511;"2018-05-27";"SERVICE_CODE";"EVENT_CONTEXT"
-471288312;"2018-05-27";"SERVICE_CODE";"EVENT_CONTEXT"
-464760264;"2018-05-28";"SERVICE_CODE";"EVENT_CONTEXT"
-457969832;"2018-05-27";"SERVICE_CODE";"EVENT_CONTEXT"
-455460243;"2018-05-27";"SERVICE_CODE";"EVENT_CONTEXT"
-454071467;"2018-05-27";"SERVICE_CODE";"EVENT_CONTEXT"
-451892930;"2018-05-27";"SERVICE_CODE";"EVENT_CONTEXT"
-436089932;"2018-05-27";"SERVICE_CODE";"EVENT_CONTEXT"
-425666979;"2018-05-27";"SERVICE_CODE";"EVENT_CONTEXT"
-425190081;"2018-05-27";"SERVICE_CODE";"EVENT_CONTEXT"
-417526163;"2018-05-27";"SERVICE_CODE";"EVENT_CONTEXT"
-402104504;"2018-05-27";"SERVICE_CODE";"EVENT_CONTEXT"
-396344134;"2018-05-27";"SERVICE_CODE";"EVENT_CONTEXT"
-391920902;"2018-05-28";"SERVICE_CODE";"EVENT_CONTEXT"
-390533221;"2018-05-28";"SERVICE_CODE";"EVENT_CONTEXT"
-375610705;"2018-05-27";"SERVICE_CODE";"EVENT_CONTEXT"
-372130693;"2018-05-27";"SERVICE_CODE";"EVENT_CONTEXT"
-365082917;"2018-05-27";"SERVICE_CODE";"EVENT_CONTEXT"
-365038280;"2018-05-27";"SERVICE_CODE";"EVENT_CONTEXT"
-363773379;"2018-05-27";"SERVICE_CODE";"EVENT_CONTEXT"
-363058033;"2018-05-27";"SERVICE_CODE";"EVENT_CONTEXT"
-357723407;"2018-05-27";"SERVICE_CODE";"EVENT_CONTEXT"
-356576655;"2018-05-27";"SERVICE_CODE";"EVENT_CONTEXT"
-354283837;"2018-05-27";"SERVICE_CODE";"EVENT_CONTEXT"
-321246114;"2018-05-27";"SERVICE_CODE";"EVENT_CONTEXT"
-309095854;"2018-05-28";"SERVICE_CODE";"EVENT_CONTEXT"
-308148363;"2018-05-27";"SERVICE_CODE";"EVENT_CONTEXT"
-296246322;"2018-05-27";"SERVICE_CODE";"EVENT_CONTEXT"
-288642945;"2018-05-27";"SERVICE_CODE";"EVENT_CONTEXT"
-271316076;"2018-05-27";"SERVICE_CODE";"EVENT_CONTEXT"
-262751171;"2018-05-27";"SERVICE_CODE";"EVENT_CONTEXT"
-253061953;"2018-05-27";"SERVICE_CODE";"EVENT_CONTEXT"
-252014262;"2018-05-27";"SERVICE_CODE";"EVENT_CONTEXT"
-248863410;"2018-05-28";"SERVICE_CODE";"EVENT_CONTEXT"
-242977102;"2018-05-27";"SERVICE_CODE";"EVENT_CONTEXT"
-235074750;"2018-05-27";"SERVICE_CODE";"EVENT_CONTEXT"
-233069509;"2018-05-27";"SERVICE_CODE";"EVENT_CONTEXT"
-224902067;"2018-05-28";"SERVICE_CODE";"EVENT_CONTEXT"
-211652862;"2018-05-27";"SERVICE_CODE";"EVENT_CONTEXT"
-210580272;"2018-05-28";"SERVICE_CODE";"EVENT_CONTEXT"
-208768785;"2018-05-27";"SERVICE_CODE";"EVENT_CONTEXT"
-205571274;"2018-05-27";"SERVICE_CODE";"EVENT_CONTEXT"
-198129205;"2018-05-28";"SERVICE_CODE";"EVENT_CONTEXT"
-188246361;"2018-05-27";"SERVICE_CODE";"EVENT_CONTEXT"
-187091047;"2018-05-27";"SERVICE_CODE";"EVENT_CONTEXT"
-185491575;"2018-05-27";"SERVICE_CODE";"EVENT_CONTEXT"
-185003044;"2018-05-27";"SERVICE_CODE";"EVENT_CONTEXT"
-183743373;"2018-05-27";"SERVICE_CODE";"EVENT_CONTEXT"
-181339744;"2018-05-27";"SERVICE_CODE";"EVENT_CONTEXT"
-181270825;"2018-05-28";"SERVICE_CODE";"EVENT_CONTEXT"
-165988430;"2018-05-27";"SERVICE_CODE";"EVENT_CONTEXT"
-163289501;"2018-05-28";"SERVICE_CODE";"EVENT_CONTEXT"
-155690803;"2018-05-28";"SERVICE_CODE";"EVENT_CONTEXT"
-146151640;"2018-05-27";"SERVICE_CODE";"EVENT_CONTEXT"
-141212490;"2018-05-27";"SERVICE_CODE";"EVENT_CONTEXT"
-139661965;"2018-05-28";"SERVICE_CODE";"EVENT_CONTEXT"
-130683577;"2018-05-27";"SERVICE_CODE";"EVENT_CONTEXT"
-121391642;"2018-05-28";"SERVICE_CODE";"EVENT_CONTEXT"
-117505282;"2018-05-27";"SERVICE_CODE";"EVENT_CONTEXT"
-117184747;"2018-05-27";"SERVICE_CODE";"EVENT_CONTEXT"
-113590743;"2018-05-27";"SERVICE_CODE";"EVENT_CONTEXT"
-104183638;"2018-05-27";"SERVICE_CODE";"EVENT_CONTEXT"
-101324968;"2018-05-27";"SERVICE_CODE";"EVENT_CONTEXT"
-97117084;"2018-05-27";"SERVICE_CODE";"EVENT_CONTEXT"
-50467908;"2018-05-27";"SERVICE_CODE";"EVENT_CONTEXT"
-38538483;"2018-05-27";"SERVICE_CODE";"EVENT_CONTEXT"
-35422253;"2018-05-28";"SERVICE_CODE";"EVENT_CONTEXT"
-29023888;"2018-05-27";"SERVICE_CODE";"EVENT_CONTEXT"
-13342157;"2018-05-27";"SERVICE_CODE";"EVENT_CONTEXT"
12180630;"2018-05-27";"SERVICE_CODE";"EVENT_CONTEXT"
20551202;"2018-05-27";"SERVICE_CODE";"EVENT_CONTEXT"
27133020;"2018-05-27";"SERVICE_CODE";"EVENT_CONTEXT"
29772749;"2018-05-27";"SERVICE_CODE";"EVENT_CONTEXT"
31716092;"2018-05-27";"SERVICE_CODE";"EVENT_CONTEXT"
39491281;"2018-05-27";"SERVICE_CODE";"EVENT_CONTEXT"
39837214;"2018-05-27";"SERVICE_CODE";"EVENT_CONTEXT"
40853295;"2018-05-28";"SERVICE_CODE";"EVENT_CONTEXT"
50823555;"2018-05-27";"SERVICE_CODE";"EVENT_CONTEXT"
51330974;"2018-05-27";"SERVICE_CODE";"EVENT_CONTEXT"
57828680;"2018-05-27";"SERVICE_CODE";"EVENT_CONTEXT"
70442463;"2018-05-27";"SERVICE_CODE";"EVENT_CONTEXT"
84759390;"2018-05-27";"SERVICE_CODE";"EVENT_CONTEXT"
89694758;"2018-05-27";"SERVICE_CODE";"EVENT_CONTEXT"
94409063;"2018-05-27";"SERVICE_CODE";"EVENT_CONTEXT"
123640860;"2018-05-27";"SERVICE_CODE";"EVENT_CONTEXT"
134220643;"2018-05-28";"SERVICE_CODE";"EVENT_CONTEXT"
135386861;"2018-05-27";"SERVICE_CODE";"EVENT_CONTEXT"
137865257;"2018-05-27";"SERVICE_CODE";"EVENT_CONTEXT"
169753862;"2018-05-28";"SERVICE_CODE";"EVENT_CONTEXT"
176732347;"2018-05-27";"SERVICE_CODE";"EVENT_CONTEXT"
188750143;"2018-05-27";"SERVICE_CODE";"EVENT_CONTEXT"
195276962;"2018-05-27";"SERVICE_CODE";"EVENT_CONTEXT"
205423031;"2018-05-27";"SERVICE_CODE";"EVENT_CONTEXT"
213002322;"2018-05-27";"SERVICE_CODE";"EVENT_CONTEXT"
226903520;"2018-05-28";"SERVICE_CODE";"EVENT_CONTEXT"
233651763;"2018-05-27";"SERVICE_CODE";"EVENT_CONTEXT"
242354720;"2018-05-27";"SERVICE_CODE";"EVENT_CONTEXT"
242391326;"2018-05-27";"SERVICE_CODE";"EVENT_CONTEXT"
242689918;"2018-05-28";"SERVICE_CODE";"EVENT_CONTEXT"
246950354;"2018-05-27";"SERVICE_CODE";"EVENT_CONTEXT"
258867857;"2018-05-27";"SERVICE_CODE";"EVENT_CONTEXT"
261273943;"2018-05-28";"SERVICE_CODE";"EVENT_CONTEXT"
266759248;"2018-05-27";"SERVICE_CODE";"EVENT_CONTEXT"
275304760;"2018-05-27";"SERVICE_CODE";"EVENT_CONTEXT"
275951251;"2018-05-28";"SERVICE_CODE";"EVENT_CONTEXT"
276650668;"2018-05-27";"SERVICE_CODE";"EVENT_CONTEXT"
279515929;"2018-05-27";"SERVICE_CODE";"EVENT_CONTEXT"
305291291;"2018-05-27";"SERVICE_CODE";"EVENT_CONTEXT"
307049022;"2018-05-27";"SERVICE_CODE";"EVENT_CONTEXT"
319370421;"2018-05-27";"SERVICE_CODE";"EVENT_CONTEXT"
325217687;"2018-05-27";"SERVICE_CODE";"EVENT_CONTEXT"
326855658;"2018-05-27";"SERVICE_CODE";"EVENT_CONTEXT"
336195558;"2018-05-27";"SERVICE_CODE";"EVENT_CONTEXT"
338179148;"2018-05-27";"SERVICE_CODE";"EVENT_CONTEXT"
341144564;"2018-05-27";"SERVICE_CODE";"EVENT_CONTEXT"
345862886;"2018-05-28";"SERVICE_CODE";"EVENT_CONTEXT"
348888932;"2018-05-27";"SERVICE_CODE";"EVENT_CONTEXT"
361469726;"2018-05-28";"SERVICE_CODE";"EVENT_CONTEXT"
363085016;"2018-05-27";"SERVICE_CODE";"EVENT_CONTEXT"
363829837;"2018-05-27";"SERVICE_CODE";"EVENT_CONTEXT"
365056479;"2018-05-28";"SERVICE_CODE";"EVENT_CONTEXT"
365234577;"2018-05-27";"SERVICE_CODE";"EVENT_CONTEXT"
366342226;"2018-05-27";"SERVICE_CODE";"EVENT_CONTEXT"
368747622;"2018-05-27";"SERVICE_CODE";"EVENT_CONTEXT"
375024431;"2018-05-27";"SERVICE_CODE";"EVENT_CONTEXT"
376765813;"2018-05-27";"SERVICE_CODE";"EVENT_CONTEXT"
384477653;"2018-05-28";"SERVICE_CODE";"EVENT_CONTEXT"
393447744;"2018-05-27";"SERVICE_CODE";"EVENT_CONTEXT"
394091306;"2018-05-27";"SERVICE_CODE";"EVENT_CONTEXT"
397299363;"2018-05-27";"SERVICE_CODE";"EVENT_CONTEXT"
413526461;"2018-05-27";"SERVICE_CODE";"EVENT_CONTEXT"
416310734;"2018-05-28";"SERVICE_CODE";"EVENT_CONTEXT"
419423139;"2018-05-27";"SERVICE_CODE";"EVENT_CONTEXT"
432862364;"2018-05-28";"SERVICE_CODE";"EVENT_CONTEXT"
439055127;"2018-05-27";"SERVICE_CODE";"EVENT_CONTEXT"
439726974;"2018-05-27";"SERVICE_CODE";"EVENT_CONTEXT"
449209441;"2018-05-28";"SERVICE_CODE";"EVENT_CONTEXT"
462047806;"2018-05-27";"SERVICE_CODE";"EVENT_CONTEXT"
480500708;"2018-05-27";"SERVICE_CODE";"EVENT_CONTEXT"
488189746;"2018-05-27";"SERVICE_CODE";"EVENT_CONTEXT"
490831563;"2018-05-28";"SERVICE_CODE";"EVENT_CONTEXT"
496269168;"2018-05-28";"SERVICE_CODE";"EVENT_CONTEXT"
500033703;"2018-05-28";"SERVICE_CODE";"EVENT_CONTEXT"
501372334;"2018-05-27";"SERVICE_CODE";"EVENT_CONTEXT"
505560632;"2018-05-28";"SERVICE_CODE";"EVENT_CONTEXT"
509803356;"2018-05-28";"SERVICE_CODE";"EVENT_CONTEXT"
529806368;"2018-05-27";"SERVICE_CODE";"EVENT_CONTEXT"
532955830;"2018-05-27";"SERVICE_CODE";"EVENT_CONTEXT"
547341886;"2018-05-27";"SERVICE_CODE";"EVENT_CONTEXT"
547605374;"2018-05-27";"SERVICE_CODE";"EVENT_CONTEXT"
561660490;"2018-05-27";"SERVICE_CODE";"EVENT_CONTEXT"
563501146;"2018-05-27";"SERVICE_CODE";"EVENT_CONTEXT"
584069894;"2018-05-27";"SERVICE_CODE";"EVENT_CONTEXT"
588108360;"2018-05-27";"SERVICE_CODE";"EVENT_CONTEXT"
591007491;"2018-05-27";"SERVICE_CODE";"EVENT_CONTEXT"
596610145;"2018-05-27";"SERVICE_CODE";"EVENT_CONTEXT"
605665543;"2018-05-27";"SERVICE_CODE";"EVENT_CONTEXT"
613670802;"2018-05-27";"SERVICE_CODE";"EVENT_CONTEXT"
633569350;"2018-05-27";"SERVICE_CODE";"EVENT_CONTEXT"
635611662;"2018-05-28";"SERVICE_CODE";"EVENT_CONTEXT"
640907644;"2018-05-27";"SERVICE_CODE";"EVENT_CONTEXT"
641352038;"2018-05-27";"SERVICE_CODE";"EVENT_CONTEXT"
649763910;"2018-05-27";"SERVICE_CODE";"EVENT_CONTEXT"
652428831;"2018-05-28";"SERVICE_CODE";"EVENT_CONTEXT"
657177039;"2018-05-27";"SERVICE_CODE";"EVENT_CONTEXT"
657564327;"2018-05-27";"SERVICE_CODE";"EVENT_CONTEXT"
658315007;"2018-05-27";"SERVICE_CODE";"EVENT_CONTEXT"
671540461;"2018-05-27";"SERVICE_CODE";"EVENT_CONTEXT"
687615931;"2018-05-27";"SERVICE_CODE";"EVENT_CONTEXT"
688617309;"2018-05-27";"SERVICE_CODE";"EVENT_CONTEXT"
695182377;"2018-05-28";"SERVICE_CODE";"EVENT_CONTEXT"
706835461;"2018-05-27";"SERVICE_CODE";"EVENT_CONTEXT"
706853032;"2018-05-27";"SERVICE_CODE";"EVENT_CONTEXT"
706961389;"2018-05-27";"SERVICE_CODE";"EVENT_CONTEXT"
710133549;"2018-05-27";"SERVICE_CODE";"EVENT_CONTEXT"
715490891;"2018-05-27";"SERVICE_CODE";"EVENT_CONTEXT"
720876820;"2018-05-27";"SERVICE_CODE";"EVENT_CONTEXT"
724360833;"2018-05-27";"SERVICE_CODE";"EVENT_CONTEXT"
726456956;"2018-05-27";"SERVICE_CODE";"EVENT_CONTEXT"
726754540;"2018-05-28";"SERVICE_CODE";"EVENT_CONTEXT"
729972197;"2018-05-28";"SERVICE_CODE";"EVENT_CONTEXT"
730347364;"2018-05-28";"SERVICE_CODE";"EVENT_CONTEXT"
741685076;"2018-05-27";"SERVICE_CODE";"EVENT_CONTEXT"
748903715;"2018-05-27";"SERVICE_CODE";"EVENT_CONTEXT"
749508079;"2018-05-28";"SERVICE_CODE";"EVENT_CONTEXT"
752284213;"2018-05-27";"SERVICE_CODE";"EVENT_CONTEXT"
760814439;"2018-05-27";"SERVICE_CODE";"EVENT_CONTEXT"
761367671;"2018-05-28";"SERVICE_CODE";"EVENT_CONTEXT"
764632433;"2018-05-28";"SERVICE_CODE";"EVENT_CONTEXT"
764981382;"2018-05-27";"SERVICE_CODE";"EVENT_CONTEXT"
770424341;"2018-05-27";"SERVICE_CODE";"EVENT_CONTEXT"
771849838;"2018-05-27";"SERVICE_CODE";"EVENT_CONTEXT"
775439744;"2018-05-28";"SERVICE_CODE";"EVENT_CONTEXT"
783794703;"2018-05-27";"SERVICE_CODE";"EVENT_CONTEXT"
804240308;"2018-05-27";"SERVICE_CODE";"EVENT_CONTEXT"
812788572;"2018-05-28";"SERVICE_CODE";"EVENT_CONTEXT"
818338626;"2018-05-27";"SERVICE_CODE";"EVENT_CONTEXT"
820286981;"2018-05-27";"SERVICE_CODE";"EVENT_CONTEXT"
820314752;"2018-05-27";"SERVICE_CODE";"EVENT_CONTEXT"
824878215;"2018-05-28";"SERVICE_CODE";"EVENT_CONTEXT"
829733067;"2018-05-27";"SERVICE_CODE";"EVENT_CONTEXT"
834377544;"2018-05-27";"SERVICE_CODE";"EVENT_CONTEXT"
864598592;"2018-05-27";"SERVICE_CODE";"EVENT_CONTEXT"
869646426;"2018-05-27";"SERVICE_CODE";"EVENT_CONTEXT"
870405643;"2018-05-27";"SERVICE_CODE";"EVENT_CONTEXT"
872349288;"2018-05-27";"SERVICE_CODE";"EVENT_CONTEXT"
874652152;"2018-05-28";"SERVICE_CODE";"EVENT_CONTEXT"
887864900;"2018-05-28";"SERVICE_CODE";"EVENT_CONTEXT"
892036155;"2018-05-27";"SERVICE_CODE";"EVENT_CONTEXT"
892686900;"2018-05-27";"SERVICE_CODE";"EVENT_CONTEXT"
895134813;"2018-05-27";"SERVICE_CODE";"EVENT_CONTEXT"
930324510;"2018-05-27";"SERVICE_CODE";"EVENT_CONTEXT"
930700807;"2018-05-27";"SERVICE_CODE";"EVENT_CONTEXT"
932670572;"2018-05-27";"SERVICE_CODE";"EVENT_CONTEXT"
944895852;"2018-05-27";"SERVICE_CODE";"EVENT_CONTEXT"
950652029;"2018-05-27";"SERVICE_CODE";"EVENT_CONTEXT"
956282267;"2018-05-27";"SERVICE_CODE";"EVENT_CONTEXT"
971954019;"2018-05-28";"SERVICE_CODE";"EVENT_CONTEXT"
973608889;"2018-05-28";"SERVICE_CODE";"EVENT_CONTEXT"
977709268;"2018-05-27";"SERVICE_CODE";"EVENT_CONTEXT"
988296559;"2018-05-28";"SERVICE_CODE";"EVENT_CONTEXT"
995751813;"2018-05-27";"SERVICE_CODE";"EVENT_CONTEXT"
996212391;"2018-05-27";"SERVICE_CODE";"EVENT_CONTEXT"
1011235787;"2018-05-27";"SERVICE_CODE";"EVENT_CONTEXT"
1017778090;"2018-05-27";"SERVICE_CODE";"EVENT_CONTEXT"
1029196266;"2018-05-28";"SERVICE_CODE";"EVENT_CONTEXT"
1029301335;"2018-05-27";"SERVICE_CODE";"EVENT_CONTEXT"
1031134767;"2018-05-27";"SERVICE_CODE";"EVENT_CONTEXT"
1034639145;"2018-05-27";"SERVICE_CODE";"EVENT_CONTEXT"
1037850428;"2018-05-28";"SERVICE_CODE";"EVENT_CONTEXT"
1042464429;"2018-05-27";"SERVICE_CODE";"EVENT_CONTEXT"
1044007495;"2018-05-28";"SERVICE_CODE";"EVENT_CONTEXT"
1046491135;"2018-05-27";"SERVICE_CODE";"EVENT_CONTEXT"
1058231138;"2018-05-28";"SERVICE_CODE";"EVENT_CONTEXT"
1059657639;"2018-05-27";"SERVICE_CODE";"EVENT_CONTEXT"
1061667124;"2018-05-27";"SERVICE_CODE";"EVENT_CONTEXT"
1072541694;"2018-05-27";"SERVICE_CODE";"EVENT_CONTEXT"
1078837812;"2018-05-27";"SERVICE_CODE";"EVENT_CONTEXT"
1079529482;"2018-05-28";"SERVICE_CODE";"EVENT_CONTEXT"
1081630373;"2018-05-27";"SERVICE_CODE";"EVENT_CONTEXT"
1082595352;"2018-05-28";"SERVICE_CODE";"EVENT_CONTEXT"
1083072893;"2018-05-27";"SERVICE_CODE";"EVENT_CONTEXT"
1094499089;"2018-05-27";"SERVICE_CODE";"EVENT_CONTEXT"
1107704094;"2018-05-27";"SERVICE_CODE";"EVENT_CONTEXT"
1114297992;"2018-05-27";"SERVICE_CODE";"EVENT_CONTEXT"
1118374320;"2018-05-28";"SERVICE_CODE";"EVENT_CONTEXT"
1119951354;"2018-05-27";"SERVICE_CODE";"EVENT_CONTEXT"
1122661427;"2018-05-27";"SERVICE_CODE";"EVENT_CONTEXT"
1123395267;"2018-05-27";"SERVICE_CODE";"EVENT_CONTEXT"
1135400042;"2018-05-27";"SERVICE_CODE";"EVENT_CONTEXT"
1141681113;"2018-05-27";"SERVICE_CODE";"EVENT_CONTEXT"
1144754129;"2018-05-27";"SERVICE_CODE";"EVENT_CONTEXT"
1145762591;"2018-05-28";"SERVICE_CODE";"EVENT_CONTEXT"
1148188615;"2018-05-28";"SERVICE_CODE";"EVENT_CONTEXT"
1162330987;"2018-05-27";"SERVICE_CODE";"EVENT_CONTEXT"
1172079789;"2018-05-27";"SERVICE_CODE";"EVENT_CONTEXT"
1176848362;"2018-05-27";"SERVICE_CODE";"EVENT_CONTEXT"
1181175154;"2018-05-27";"SERVICE_CODE";"EVENT_CONTEXT"
1190508253;"2018-05-27";"SERVICE_CODE";"EVENT_CONTEXT"
1197301509;"2018-05-27";"SERVICE_CODE";"EVENT_CONTEXT"
1207561847;"2018-05-28";"SERVICE_CODE";"EVENT_CONTEXT"
1211121132;"2018-05-28";"SERVICE_CODE";"EVENT_CONTEXT"
1225382362;"2018-05-27";"SERVICE_CODE";"EVENT_CONTEXT"
1239092862;"2018-05-28";"SERVICE_CODE";"EVENT_CONTEXT"
1252551952;"2018-05-27";"SERVICE_CODE";"EVENT_CONTEXT"
1255767528;"2018-05-27";"SERVICE_CODE";"EVENT_CONTEXT"
1258723880;"2018-05-28";"SERVICE_CODE";"EVENT_CONTEXT"
1258753769;"2018-05-27";"SERVICE_CODE";"EVENT_CONTEXT"
1272343005;"2018-05-27";"SERVICE_CODE";"EVENT_CONTEXT"
1274626383;"2018-05-27";"SERVICE_CODE";"EVENT_CONTEXT"
1278086805;"2018-05-27";"SERVICE_CODE";"EVENT_CONTEXT"
1295127376;"2018-05-27";"SERVICE_CODE";"EVENT_CONTEXT"
1299812670;"2018-05-28";"SERVICE_CODE";"EVENT_CONTEXT"
1306764379;"2018-05-27";"SERVICE_CODE";"EVENT_CONTEXT"
1308889474;"2018-05-28";"SERVICE_CODE";"EVENT_CONTEXT"
1311685081;"2018-05-28";"SERVICE_CODE";"EVENT_CONTEXT"
1317624692;"2018-05-27";"SERVICE_CODE";"EVENT_CONTEXT"
1323795182;"2018-05-28";"SERVICE_CODE";"EVENT_CONTEXT"
1324624049;"2018-05-27";"SERVICE_CODE";"EVENT_CONTEXT"
1327475159;"2018-05-27";"SERVICE_CODE";"EVENT_CONTEXT"
1329796694;"2018-05-27";"SERVICE_CODE";"EVENT_CONTEXT"
1331302188;"2018-05-27";"SERVICE_CODE";"EVENT_CONTEXT"
1347264103;"2018-05-27";"SERVICE_CODE";"EVENT_CONTEXT"
1357005395;"2018-05-27";"SERVICE_CODE";"EVENT_CONTEXT"
1364743125;"2018-05-27";"SERVICE_CODE";"EVENT_CONTEXT"
1384864483;"2018-05-28";"SERVICE_CODE";"EVENT_CONTEXT"
1396297939;"2018-05-28";"SERVICE_CODE";"EVENT_CONTEXT"
1397258077;"2018-05-27";"SERVICE_CODE";"EVENT_CONTEXT"
1405962784;"2018-05-27";"SERVICE_CODE";"EVENT_CONTEXT"
1406563836;"2018-05-28";"SERVICE_CODE";"EVENT_CONTEXT"
1420285035;"2018-05-28";"SERVICE_CODE";"EVENT_CONTEXT"
1420402463;"2018-05-27";"SERVICE_CODE";"EVENT_CONTEXT"
1421808872;"2018-05-27";"SERVICE_CODE";"EVENT_CONTEXT"
1430536338;"2018-05-27";"SERVICE_CODE";"EVENT_CONTEXT"
1442350185;"2018-05-27";"SERVICE_CODE";"EVENT_CONTEXT"
1455769536;"2018-05-27";"SERVICE_CODE";"EVENT_CONTEXT"
1467117405;"2018-05-27";"SERVICE_CODE";"EVENT_CONTEXT"
1468942393;"2018-05-28";"SERVICE_CODE";"EVENT_CONTEXT"
1491687247;"2018-05-27";"SERVICE_CODE";"EVENT_CONTEXT"
1491717171;"2018-05-28";"SERVICE_CODE";"EVENT_CONTEXT"
1509919998;"2018-05-27";"SERVICE_CODE";"EVENT_CONTEXT"
1527019638;"2018-05-27";"SERVICE_CODE";"EVENT_CONTEXT"
1534712936;"2018-05-27";"SERVICE_CODE";"EVENT_CONTEXT"
1543248599;"2018-05-27";"SERVICE_CODE";"EVENT_CONTEXT"
1548137170;"2018-05-27";"SERVICE_CODE";"EVENT_CONTEXT"
1548864661;"2018-05-27";"SERVICE_CODE";"EVENT_CONTEXT"
1549815273;"2018-05-27";"SERVICE_CODE";"EVENT_CONTEXT"
1552378583;"2018-05-28";"SERVICE_CODE";"EVENT_CONTEXT"
1558076892;"2018-05-27";"SERVICE_CODE";"EVENT_CONTEXT"
1570940417;"2018-05-27";"SERVICE_CODE";"EVENT_CONTEXT"
1570960420;"2018-05-27";"SERVICE_CODE";"EVENT_CONTEXT"
1571358763;"2018-05-28";"SERVICE_CODE";"EVENT_CONTEXT"
1575910392;"2018-05-27";"SERVICE_CODE";"EVENT_CONTEXT"
1597850835;"2018-05-28";"SERVICE_CODE";"EVENT_CONTEXT"
1600767785;"2018-05-27";"SERVICE_CODE";"EVENT_CONTEXT"
1604284930;"2018-05-28";"SERVICE_CODE";"EVENT_CONTEXT"
1607803636;"2018-05-28";"SERVICE_CODE";"EVENT_CONTEXT"
1613556563;"2018-05-27";"SERVICE_CODE";"EVENT_CONTEXT"
1618660521;"2018-05-27";"SERVICE_CODE";"EVENT_CONTEXT"
1619763433;"2018-05-27";"SERVICE_CODE";"EVENT_CONTEXT"
1624022450;"2018-05-27";"SERVICE_CODE";"EVENT_CONTEXT"
1628590639;"2018-05-27";"SERVICE_CODE";"EVENT_CONTEXT"
1636127398;"2018-05-27";"SERVICE_CODE";"EVENT_CONTEXT"
1636247686;"2018-05-27";"SERVICE_CODE";"EVENT_CONTEXT"
1639613202;"2018-05-28";"SERVICE_CODE";"EVENT_CONTEXT"
1647918728;"2018-05-28";"SERVICE_CODE";"EVENT_CONTEXT"
1650351889;"2018-05-27";"SERVICE_CODE";"EVENT_CONTEXT"
1660029984;"2018-05-27";"SERVICE_CODE";"EVENT_CONTEXT"
1665366011;"2018-05-27";"SERVICE_CODE";"EVENT_CONTEXT"
1669080547;"2018-05-27";"SERVICE_CODE";"EVENT_CONTEXT"
1680702797;"2018-05-27";"SERVICE_CODE";"EVENT_CONTEXT"
1694316591;"2018-05-27";"SERVICE_CODE";"EVENT_CONTEXT"
1695715266;"2018-05-28";"SERVICE_CODE";"EVENT_CONTEXT"
1699087649;"2018-05-27";"SERVICE_CODE";"EVENT_CONTEXT"
1704588018;"2018-05-27";"SERVICE_CODE";"EVENT_CONTEXT"
1715338497;"2018-05-27";"SERVICE_CODE";"EVENT_CONTEXT"
1723591829;"2018-05-27";"SERVICE_CODE";"EVENT_CONTEXT"
1728264323;"2018-05-27";"SERVICE_CODE";"EVENT_CONTEXT"
1730072319;"2018-05-28";"SERVICE_CODE";"EVENT_CONTEXT"
1733109894;"2018-05-27";"SERVICE_CODE";"EVENT_CONTEXT"
1735412468;"2018-05-28";"SERVICE_CODE";"EVENT_CONTEXT"
1735557035;"2018-05-27";"SERVICE_CODE";"EVENT_CONTEXT"
1736398160;"2018-05-27";"SERVICE_CODE";"EVENT_CONTEXT"
1755205692;"2018-05-28";"SERVICE_CODE";"EVENT_CONTEXT"
1757001338;"2018-05-27";"SERVICE_CODE";"EVENT_CONTEXT"
1762787510;"2018-05-27";"SERVICE_CODE";"EVENT_CONTEXT"
1770958751;"2018-05-28";"SERVICE_CODE";"EVENT_CONTEXT"
1776209697;"2018-05-27";"SERVICE_CODE";"EVENT_CONTEXT"
1776248466;"2018-05-27";"SERVICE_CODE";"EVENT_CONTEXT"
1782616822;"2018-05-28";"SERVICE_CODE";"EVENT_CONTEXT"
1791897672;"2018-05-27";"SERVICE_CODE";"EVENT_CONTEXT"
1793584393;"2018-05-27";"SERVICE_CODE";"EVENT_CONTEXT"
1801472319;"2018-05-27";"SERVICE_CODE";"EVENT_CONTEXT"
1805482213;"2018-05-27";"SERVICE_CODE";"EVENT_CONTEXT"
1805825437;"2018-05-27";"SERVICE_CODE";"EVENT_CONTEXT"
1806000839;"2018-05-27";"SERVICE_CODE";"EVENT_CONTEXT"
1806942062;"2018-05-28";"SERVICE_CODE";"EVENT_CONTEXT"
1815299915;"2018-05-27";"SERVICE_CODE";"EVENT_CONTEXT"
1819500393;"2018-05-27";"SERVICE_CODE";"EVENT_CONTEXT"
1826069663;"2018-05-27";"SERVICE_CODE";"EVENT_CONTEXT"
1827469591;"2018-05-27";"SERVICE_CODE";"EVENT_CONTEXT"
1827575933;"2018-05-27";"SERVICE_CODE";"EVENT_CONTEXT"
1831358689;"2018-05-28";"SERVICE_CODE";"EVENT_CONTEXT"
1831558959;"2018-05-27";"SERVICE_CODE";"EVENT_CONTEXT"
1834288833;"2018-05-27";"SERVICE_CODE";"EVENT_CONTEXT"
1838264884;"2018-05-27";"SERVICE_CODE";"EVENT_CONTEXT"
1839348651;"2018-05-27";"SERVICE_CODE";"EVENT_CONTEXT"
1845551721;"2018-05-28";"SERVICE_CODE";"EVENT_CONTEXT"
1853575649;"2018-05-27";"SERVICE_CODE";"EVENT_CONTEXT"
1870116916;"2018-05-27";"SERVICE_CODE";"EVENT_CONTEXT"
1875936076;"2018-05-28";"SERVICE_CODE";"EVENT_CONTEXT"
1897775937;"2018-05-27";"SERVICE_CODE";"EVENT_CONTEXT"
1903581616;"2018-05-27";"SERVICE_CODE";"EVENT_CONTEXT"
1906713440;"2018-05-27";"SERVICE_CODE";"EVENT_CONTEXT"
1912542421;"2018-05-27";"SERVICE_CODE";"EVENT_CONTEXT"
1913440893;"2018-05-27";"SERVICE_CODE";"EVENT_CONTEXT"
1927268475;"2018-05-27";"SERVICE_CODE";"EVENT_CONTEXT"
1948175773;"2018-05-27";"SERVICE_CODE";"EVENT_CONTEXT"
1956371711;"2018-05-27";"SERVICE_CODE";"EVENT_CONTEXT"
1965812884;"2018-05-28";"SERVICE_CODE";"EVENT_CONTEXT"
1967141382;"2018-05-27";"SERVICE_CODE";"EVENT_CONTEXT"
1968465810;"2018-05-27";"SERVICE_CODE";"EVENT_CONTEXT"
1980842698;"2018-05-27";"SERVICE_CODE";"EVENT_CONTEXT"
1983110291;"2018-05-28";"SERVICE_CODE";"EVENT_CONTEXT"
1988073397;"2018-05-28";"SERVICE_CODE";"EVENT_CONTEXT"
2001435607;"2018-05-27";"SERVICE_CODE";"EVENT_CONTEXT"
2001521729;"2018-05-27";"SERVICE_CODE";"EVENT_CONTEXT"
2005050960;"2018-05-27";"SERVICE_CODE";"EVENT_CONTEXT"
2023177998;"2018-05-27";"SERVICE_CODE";"EVENT_CONTEXT"
2037235668;"2018-05-27";"SERVICE_CODE";"EVENT_CONTEXT"
2047625664;"2018-05-27";"SERVICE_CODE";"EVENT_CONTEXT"
2058368883;"2018-05-27";"SERVICE_CODE";"EVENT_CONTEXT"
2061020556;"2018-05-28";"SERVICE_CODE";"EVENT_CONTEXT"
2073127715;"2018-05-28";"SERVICE_CODE";"EVENT_CONTEXT"
2083969517;"2018-05-28";"SERVICE_CODE";"EVENT_CONTEXT"
2086441622;"2018-05-28";"SERVICE_CODE";"EVENT_CONTEXT"
2088747616;"2018-05-28";"SERVICE_CODE";"EVENT_CONTEXT"
2106364129;"2018-05-28";"SERVICE_CODE";"EVENT_CONTEXT"
2106519837;"2018-05-27";"SERVICE_CODE";"EVENT_CONTEXT"
2114139828;"2018-05-27";"SERVICE_CODE";"EVENT_CONTEXT"
2115901557;"2018-05-27";"SERVICE_CODE";"EVENT_CONTEXT"
2120864589;"2018-05-27";"SERVICE_CODE";"EVENT_CONTEXT"
2124379065;"2018-05-27";"SERVICE_CODE";"EVENT_CONTEXT"
2127612927;"2018-05-27";"SERVICE_CODE";"EVENT_CONTEXT"
2139759519;"2018-05-28";"SERVICE_CODE";"EVENT_CONTEXT"
2142776706;"2018-05-27";"SERVICE_CODE";"EVENT_CONTEXT"
2143424631;"2018-05-27";"SERVICE_CODE";"EVENT_CONTEXT"
2146985104;"2018-05-28";"SERVICE_CODE";"EVENT_CONTEXT"
